<?xml version="1.0"?>
<!DOCTYPE hibernate-mapping PUBLIC "-//Hibernate/Hibernate Mapping DTD 3.0//EN"
"http://www.hibernate.org/dtd/hibernate-mapping-3.0.dtd">
<!-- Generated 2017-4-20 10:53:04 by Hibernate Tools 4.0.0 -->
<hibernate-mapping>
    <class name="com.lin.lostandfound.model.Academy" table="academy" catalog="LostAndFound">
        <id name="id" type="java.lang.Integer">
            <column name="ID" />
            <generator class="identity" />
        </id>
        <property name="academyCode" type="string">
            <column name="AcademyCode" length="8" not-null="true">
                <comment>&#182;&#254;&#188;&#182;&#209;&#167;&#212;&#186;&#180;&#250;&#194;&#235;</comment>
            </column>
        </property>
        <property name="academyName" type="string">
            <column name="AcademyName" length="30" not-null="true">
                <comment>&#182;&#254;&#188;&#182;&#209;&#167;&#212;&#186;&#195;&#251;&#179;&#198;</comment>
            </column>
        </property>
        <property name="schoolCode" type="string">
            <column name="SchoolCode" length="10" not-null="true">
                <comment>&#203;&#249;&#202;&#244;&#209;&#167;&#208;&#163;&#180;&#250;&#194;&#235; &#163;&#168;&#205;&#226;&#188;&#252;&#163;&#169;</comment>
            </column>
        </property>
    </class>
</hibernate-mapping>
