<?xml version="1.0"?>
<!DOCTYPE hibernate-mapping PUBLIC "-//Hibernate/Hibernate Mapping DTD 3.0//EN"
"http://www.hibernate.org/dtd/hibernate-mapping-3.0.dtd">
<!-- Generated 2017-4-20 10:53:04 by Hibernate Tools 4.0.0 -->
<hibernate-mapping>
    <class name="com.lin.lostandfound.model.Lostthings" table="lostthings" catalog="LostAndFound">
        <id name="id" type="java.lang.Long">
            <column name="ID" />
            <generator class="identity" />
        </id>
        <property name="thingsName" type="string">
            <column name="ThingsName" length="30" not-null="true">
                <comment>&#206;&#239;&#198;&#183;&#195;&#251;&#179;&#198;</comment>
            </column>
        </property>
        <property name="lostPlace" type="string">
            <column name="LostPlace" length="30" not-null="true">
                <comment>&#182;&#170;&#202;&#167;&#181;&#216;&#181;&#227;</comment>
            </column>
        </property>
        <property name="lostTime" type="date">
            <column name="LostTime" length="10" not-null="true">
                <comment>&#182;&#170;&#202;&#167;&#202;&#177;&#188;&#228;</comment>
            </column>
        </property>
        <property name="thingsType" type="string">
            <column name="ThingsType" length="15" not-null="true">
                <comment>&#206;&#239;&#198;&#183;&#192;&#224;&#208;&#205;</comment>
            </column>
        </property>
        <property name="thingsNo" type="string">
            <column name="ThingsNo" length="10">
                <comment>&#206;&#239;&#198;&#183;&#177;&#224;&#186;&#197;</comment>
            </column>
        </property>
        <property name="thingsImg" type="string">
            <column name="ThingsImg" length="65535">
                <comment>&#206;&#239;&#198;&#183;&#205;&#188;&#198;&#172; &#191;&#201; null</comment>
            </column>
        </property>
        <property name="thingsDes" type="string">
            <column name="ThingsDes" length="65535" not-null="true">
                <comment>&#206;&#239;&#198;&#183;&#195;&#232;&#202;&#246;</comment>
            </column>
        </property>
        <property name="publishTime" type="timestamp">
            <column name="PublishTime" length="19" not-null="true">
                <comment>&#183;&#162;&#178;&#188;&#202;&#177;&#188;&#228;</comment>
            </column>
        </property>
        <property name="status" type="int">
            <column name="Status" not-null="true">
                <comment>&#215;&#180;&#204;&#172;</comment>
            </column>
        </property>
        <property name="userName" type="string">
            <column name="UserName" length="20" not-null="true">
                <comment>&#211;&#195;&#187;&#167;&#195;&#251;</comment>
            </column>
        </property>
        <property name="uid" type="long">
            <column name="UID" not-null="true">
                <comment>&#211;&#195;&#187;&#167;&#177;&#237; ID &#205;&#226;&#188;&#252;</comment>
            </column>
        </property>
    </class>
</hibernate-mapping>
