<?xml version="1.0"?>
<!DOCTYPE hibernate-mapping PUBLIC "-//Hibernate/Hibernate Mapping DTD 3.0//EN"
"http://www.hibernate.org/dtd/hibernate-mapping-3.0.dtd">
<!-- Generated 2017-4-20 10:53:04 by Hibernate Tools 4.0.0 -->
<hibernate-mapping>
    <class name="com.lin.lostandfound.model.Menuitem" table="menuitem" catalog="LostAndFound">
        <id name="id" type="java.lang.Integer">
            <column name="ID" />
            <generator class="identity" />
        </id>
        <property name="menuId" type="string">
            <column name="MenuID" length="20" not-null="true">
                <comment>&#178;&#203;&#181;&#165;ID</comment>
            </column>
        </property>
        <property name="menuItemName" type="string">
            <column name="MenuItemName" length="20" not-null="true">
                <comment>&#178;&#203;&#181;&#165;&#195;&#251;&#179;&#198;</comment>
            </column>
        </property>
        <property name="menuItemUrl" type="string">
            <column name="MenuItemUrl" length="30">
                <comment>&#178;&#203;&#181;&#165;url&#181;&#216;&#214;&#183;</comment>
            </column>
        </property>
        <property name="parentId" type="string">
            <column name="ParentId" length="20">
                <comment>&#184;&#184;&#178;&#203;&#181;&#165;ID</comment>
            </column>
        </property>
        <property name="status" type="int">
            <column name="Status" not-null="true">
                <comment>&#215;&#180;&#204;&#172;</comment>
            </column>
        </property>
        <property name="menuItemDes" type="string">
            <column name="MenuItemDes" length="30">
                <comment>&#178;&#203;&#181;&#165;&#195;&#232;&#202;&#246;</comment>
            </column>
        </property>
        <property name="authority" type="int">
            <column name="Authority" not-null="true">
                <comment>&#178;&#203;&#181;&#165;&#183;&#195;&#206;&#202;&#200;&#168;&#207;&#222;</comment>
            </column>
        </property>
        <property name="sort" type="java.lang.Integer">
            <column name="Sort">
                <comment>&#178;&#203;&#181;&#165;&#197;&#197;&#208;&#242;</comment>
            </column>
        </property>
    </class>
</hibernate-mapping>
