<?xml version="1.0"?>
<!DOCTYPE hibernate-mapping PUBLIC "-//Hibernate/Hibernate Mapping DTD 3.0//EN"
"http://www.hibernate.org/dtd/hibernate-mapping-3.0.dtd">
<!-- Generated 2017-4-20 10:53:04 by Hibernate Tools 4.0.0 -->
<hibernate-mapping>
    <class name="com.lin.lostandfound.model.School" table="school" catalog="LostAndFound">
        <id name="id" type="java.lang.Integer">
            <column name="ID" />
            <generator class="identity" />
        </id>
        <property name="schoolCode" type="string">
            <column name="SchoolCode" length="10" not-null="true">
                <comment>&#209;&#167;&#208;&#163;&#180;&#250;&#194;&#235;</comment>
            </column>
        </property>
        <property name="schoolName" type="string">
            <column name="SchoolName" length="30" not-null="true">
                <comment>&#209;&#167;&#208;&#163;&#195;&#251;&#179;&#198;</comment>
            </column>
        </property>
    </class>
</hibernate-mapping>
