<?xml version="1.0"?>
<!DOCTYPE hibernate-mapping PUBLIC "-//Hibernate/Hibernate Mapping DTD 3.0//EN"
"http://www.hibernate.org/dtd/hibernate-mapping-3.0.dtd">
<!-- Generated 2017-4-20 10:53:04 by Hibernate Tools 4.0.0 -->
<hibernate-mapping>
    <class name="com.lin.lostandfound.model.Teacher" table="teacher" catalog="LostAndFound">
        <id name="teacherNo" type="string">
            <column name="TeacherNo" length="10" />
            <generator class="assigned" />
        </id>
        <property name="teacherName" type="string">
            <column name="TeacherName" length="16" not-null="true">
                <comment>&#208;&#213;&#195;&#251;</comment>
            </column>
        </property>
        <property name="sex" type="string">
            <column name="Sex" length="2" not-null="true">
                <comment>&#208;&#212;&#177;&#240;</comment>
            </column>
        </property>
        <property name="birth" type="date">
            <column name="Birth" length="10" not-null="true">
                <comment>&#201;&#250;&#200;&#213;</comment>
            </column>
        </property>
        <property name="idCard" type="string">
            <column name="IdCard" length="20" not-null="true">
                <comment>&#201;&#237;&#183;&#221;&#214;&#164;&#186;&#197;&#194;&#235;</comment>
            </column>
        </property>
        <property name="telPhone" type="string">
            <column name="TelPhone" length="12" not-null="true">
                <comment>&#193;&#170;&#207;&#181;&#181;&#231;&#187;&#176;</comment>
            </column>
        </property>
    </class>
</hibernate-mapping>
