<?xml version="1.0"?>
<!DOCTYPE hibernate-mapping PUBLIC "-//Hibernate/Hibernate Mapping DTD 3.0//EN"
"http://www.hibernate.org/dtd/hibernate-mapping-3.0.dtd">
<!-- Generated 2017-4-14 20:56:35 by Hibernate Tools 4.0.0 -->
<hibernate-mapping>
    <class name="com.lin.lostandfound.domain.Notice" table="notice" catalog="LostAndFound">
        <id name="id" type="java.lang.Integer">
            <column name="ID" />
            <generator class="native" />
        </id>
        <property name="title" type="string">
            <column name="Title" length="50">
                <comment>&#177;&#234;&#204;&#226;</comment>
            </column>
        </property>
        <property name="substance" type="string">
            <column name="Substance" length="65535" not-null="true">
                <comment>&#196;&#218;&#200;&#221;</comment>
            </column>
        </property>
        <property name="status" type="int">
            <column name="Status" not-null="true">
                <comment>&#215;&#180;&#204;&#172;&#163;&#168;0&#207;&#212;&#202;&#190;,1&#178;&#187;&#207;&#212;&#202;&#190;&#163;&#169;</comment>
            </column>
        </property>
        <property name="publishTime" type="timestamp">
            <column name="PublishTime" length="19" not-null="true">
                <comment>&#183;&#162;&#178;&#188;&#202;&#177;&#188;&#228;</comment>
            </column>
        </property>
    </class>
</hibernate-mapping>
